{
  "hash": "5065bcb9",
  "configHash": "09bb9cdb",
  "lockfileHash": "2a2021b2",
  "browserHash": "f0240988",
  "optimized": {
    "@angular/common": {
      "src": "../../../../../../node_modules/@angular/common/fesm2022/common.mjs",
      "file": "@angular_common.js",
      "fileHash": "e175c23d",
      "needsInterop": false
    },
    "@angular/core": {
      "src": "../../../../../../node_modules/@angular/core/fesm2022/core.mjs",
      "file": "@angular_core.js",
      "fileHash": "cb02e3d8",
      "needsInterop": false
    },
    "@angular/forms": {
      "src": "../../../../../../node_modules/@angular/forms/fesm2022/forms.mjs",
      "file": "@angular_forms.js",
      "fileHash": "736064b1",
      "needsInterop": false
    },
    "@angular/platform-browser": {
      "src": "../../../../../../node_modules/@angular/platform-browser/fesm2022/platform-browser.mjs",
      "file": "@angular_platform-browser.js",
      "fileHash": "102f680f",
      "needsInterop": false
    },
    "@angular/router": {
      "src": "../../../../../../node_modules/@angular/router/fesm2022/router.mjs",
      "file": "@angular_router.js",
      "fileHash": "13a063b7",
      "needsInterop": false
    }
  },
  "chunks": {
    "chunk-RC2K7NNY": {
      "file": "chunk-RC2K7NNY.js"
    },
    "chunk-PDA2V3S2": {
      "file": "chunk-PDA2V3S2.js"
    },
    "chunk-7TBAKADB": {
      "file": "chunk-7TBAKADB.js"
    }
  }
}